<?xml version="1.0" encoding="UTF-8" ?>
<!DOCTYPE mapper
PUBLIC "-//mybatis.org//DTD Mapper 3.0//EN"
"http://mybatis.org/dtd/mybatis-3-mapper.dtd">
<mapper namespace="com.aynu.oa.desktop.news.dao.INewsLabelDao">
	
	<resultMap type="NewsLabel" id="newsLabelMap">
		<id column="id" property="id"/>
		<result column="label_name" property="name"/>
		<result column="label_content" property="content"/>
	</resultMap>
	
	<select id="selectAllParents" resultMap="newsLabelMap">
		select id, label_name, label_content from newlabel where pid is null
	</select>
	
	<select id="selectAllCount" resultType="int">
		select count(id) from newlabel
	</select>
	
	<select id="selectNewsLabelById" resultMap="newsLabelMap2">
		select id, label_name, label_content, pid from newlabel where id=#{xxx}
	</select>
	<resultMap type="NewsLabel" id="newsLabelMap2">
		<id column="id" property="id"/>
		<result column="label_name" property="name"/>
		<result column="label_content" property="content"/>
		<association property="parent" 
					 javaType="NewsLabel"
					 select="selectNewsLabelById"
					 column="pid"/>
	</resultMap>
	<select id="selectCurPageNewsLabels" resultMap="newsLabelMap2">
		select id, label_name, label_content, pid from newlabel limit #{pageStartIndex},#{pageSize}
	</select>

</mapper>







