<?xml version="1.0" encoding="UTF-8"?>
<!--

       Copyright 2010-2016 the original author or authors.

       Licensed under the Apache License, Version 2.0 (the "License");
       you may not use this file except in compliance with the License.
       You may obtain a copy of the License at

          http://www.apache.org/licenses/LICENSE-2.0

       Unless required by applicable law or agreed to in writing, software
       distributed under the License is distributed on an "AS IS" BASIS,
       WITHOUT WARRANTIES OR CONDITIONS OF ANY KIND, either express or implied.
       See the License for the specific language governing permissions and
       limitations under the License.

-->
<project name="${project.name}" xmlns="http://maven.apache.org/DECORATION/1.7.0" xmlns:xsi="http://www.w3.org/2001/XMLSchema-instance"
    xsi:schemaLocation="http://maven.apache.org/DECORATION/1.7.0 http://maven.apache.org/xsd/decoration-1.7.0.xsd">

  <body>
    <menu name="Reference Documentation">
      <item name="Introduction" href="index.html"/>
      <item name="Getting Started" href="getting-started.html"/>
      <item name="SqlSessionFactoryBean" href="factorybean.html"/>
      <item name="Transactions" href="transactions.html" collapse="true">
        <item href="transactions.html#configuration" name="Standard Configuration" />
        <item href="transactions.html#container" name="Container Managed Transactions" />
        <item href="transactions.html#programmatic" name="Programmatic" />
      </item>
      <item name="Using an SqlSession" href="sqlsession.html" collapse="true">
        <item href="sqlsession.html#SqlSessionTemplate" name="SqlSessionTemplate" />
        <item href="sqlsession.html#SqlSessionDaoSupport" name="SqlSessionDaoSupport" />
      </item>
      <item name="Injecting Mappers" href="mappers.html" collapse="true">
        <item href="mappers.html#register" name="Registering a mapper" />
        <item href="mappers.html#scan" name="Scanning for mappers" />
      </item>
      <item name="Spring Boot" href="boot.html"/>
      <item name="Using the MyBatis API" href="using-api.html"/>
      <item name="Spring Batch" href="batch.html"/>
      <item name="Sample Code" href="sample.html"/>
    </menu>

    <menu ref="reports"/>
  </body>
</project>